,VACCINATION_DATE,5-11 percent,12-17 percent,18-49 percent,50-64 percent,65 and Older percent,5-11 total,12-17 total,18-49 total,50-64 total,65 and Older total
0,2020-12-14 15:00:00,,,0.001,0.0,0.0,,,13,4,2
1,2020-12-15 15:00:00,,,0.002,0.002,0.001,,,48,30,6
2,2020-12-16 15:00:00,,,0.02,0.013,0.003,,,496,157,31
3,2020-12-17 15:00:00,,,0.051,0.039,0.01,,,1284,479,94
4,2020-12-18 15:00:00,,,0.126,0.115,0.03,,,3186,1418,289
5,2020-12-19 15:00:00,,,0.149,0.139,0.037,,,3768,1704,351
6,2020-12-20 15:00:00,,,0.159,0.147,0.039,,,4013,1804,377
7,2020-12-21 15:00:00,,,0.261,0.238,0.063,,,6578,2919,603
8,2020-12-22 15:00:00,,0.002,0.388,0.386,0.198,,8.0,9785,4742,1900
9,2020-12-23 15:00:00,,0.002,0.517,0.535,0.272,,9.0,13053,6568,2610
10,2020-12-24 15:00:00,,,0.581,0.607,0.297,,,14661,7457,2845
11,2020-12-25 15:00:00,,0.004,0.593,0.635,0.338,,18.0,14956,7795,3238
12,2020-12-26 15:00:00,,,0.622,0.686,0.393,,,15689,8422,3766
13,2020-12-27 15:00:00,,0.004,0.652,0.729,0.445,,20.0,16458,8954,4274
14,2020-12-28 15:00:00,,0.005,0.852,0.956,0.569,,24.0,21498,11742,5463
15,2020-12-29 15:00:00,,0.006,1.079,1.246,0.748,,25.0,27224,15306,7180
16,2020-12-30 15:00:00,,0.006,1.363,1.573,0.889,,27.0,34397,19322,8530
17,2020-12-31 15:00:00,,0.006,1.535,1.765,0.98,,29.0,38744,21680,9399
18,2021-01-01 15:00:00,,0.009,1.592,1.839,1.106,,39.0,40160,22584,10608
19,2021-01-02 15:00:00,,0.009,1.65,1.902,1.193,,42.0,41639,23359,11442
20,2021-01-03 15:00:00,,0.01,1.714,1.984,1.276,,43.0,43258,24372,12242
21,2021-01-04 15:00:00,,0.011,1.984,2.328,1.524,,50.0,50060,28593,14622
22,2021-01-05 15:00:00,,0.013,2.23,2.643,1.777,,60.0,56276,32459,17048
23,2021-01-06 15:00:00,,0.017,2.532,3.044,2.065,,77.0,63888,37383,19809
24,2021-01-07 15:00:00,,0.02,2.85,3.431,2.303,,89.0,71925,42134,22098
25,2021-01-08 15:00:00,,0.027,3.181,3.833,2.59,,123.0,80260,47078,24846
26,2021-01-09 15:00:00,,0.029,3.281,3.954,2.715,,129.0,82791,48559,26052
27,2021-01-10 15:00:00,,0.03,3.334,4.025,2.798,,134.0,84142,49439,26840
28,2021-01-11 15:00:00,,0.033,3.595,4.358,3.12,,151.0,90719,53523,29937
29,2021-01-12 15:00:00,,0.039,3.919,4.755,3.573,,177.0,98896,58405,34281
30,2021-01-13 15:00:00,,0.043,4.295,5.211,3.946,,194.0,108374,64007,37858
31,2021-01-14 15:00:00,,0.046,4.645,5.641,4.341,,206.0,117202,69289,41644
32,2021-01-15 15:00:00,,0.049,5.021,6.079,4.825,,223.0,126692,74669,46291
33,2021-01-16 15:00:00,,0.05,5.122,6.178,5.043,,224.0,129244,75882,48384
34,2021-01-17 15:00:00,,0.05,5.156,6.224,5.116,,228.0,130115,76439,49084
35,2021-01-18 15:00:00,,0.052,5.241,6.336,5.491,,234.0,132248,77815,52676
36,2021-01-19 15:00:00,,0.054,5.433,6.568,6.459,,244.0,137089,80664,61964
37,2021-01-20 15:00:00,,0.056,5.657,6.851,7.696,,254.0,142755,84147,73838
38,2021-01-21 15:00:00,,0.06,5.945,7.201,8.977,,269.0,150025,88444,86128
39,2021-01-22 15:00:00,,0.063,6.322,7.678,10.363,,284.0,159540,94303,99420
40,2021-01-23 15:00:00,,0.066,6.45,7.824,10.897,,296.0,162761,96099,104543
41,2021-01-24 15:00:00,,0.069,6.481,7.871,11.107,,310.0,163534,96670,106562
42,2021-01-25 15:00:00,,0.071,6.651,8.078,12.098,,320.0,167823,99213,116069
43,2021-01-26 15:00:00,,0.074,6.842,8.302,13.14,,333.0,172655,101968,126064
44,2021-01-27 15:00:00,,0.078,7.079,8.593,14.692,,354.0,178636,105544,140953
45,2021-01-28 15:00:00,,0.082,7.309,8.889,16.072,,370.0,184442,109173,154191
46,2021-01-29 15:00:00,,0.095,7.547,9.21,17.618,,428.0,190445,113118,169028
47,2021-01-30 15:00:00,,0.099,7.722,9.425,18.739,,447.0,194854,115759,179778
48,2021-01-31 15:00:00,,0.101,7.775,9.489,18.909,,458.0,196198,116540,181416
49,2021-02-01 15:00:00,,0.112,7.853,9.607,19.412,,505.0,198168,117994,186242
50,2021-02-02 15:00:00,,0.118,7.971,9.779,20.189,,535.0,201131,120105,193696
51,2021-02-03 15:00:00,,0.124,8.157,10.038,21.272,,560.0,205843,123293,204086
52,2021-02-04 15:00:00,,0.127,8.362,10.367,22.623,,576.0,211010,127330,217047
53,2021-02-05 15:00:00,,0.131,8.57,10.66,23.833,,591.0,216256,130923,228653
54,2021-02-06 15:00:00,,0.134,8.707,10.827,24.449,,604.0,219711,132977,234563
55,2021-02-07 15:00:00,,0.135,8.767,10.915,24.806,,611.0,221224,134064,237989
56,2021-02-08 15:00:00,,0.139,8.895,11.09,25.605,,626.0,224445,136207,245656
57,2021-02-09 15:00:00,,0.142,9.055,11.311,26.64,,641.0,228492,138923,255583
58,2021-02-10 15:00:00,,0.147,9.223,11.566,27.889,,666.0,232738,142053,267563
59,2021-02-11 15:00:00,,0.153,9.45,11.892,29.267,,692.0,238459,146057,280782
60,2021-02-12 15:00:00,,0.155,9.682,12.225,30.363,,702.0,244319,150145,291301
61,2021-02-13 15:00:00,,0.159,9.795,12.392,31.049,,720.0,247156,152206,297881
62,2021-02-14 15:00:00,,0.164,9.879,12.505,31.424,,739.0,249285,153591,301477
63,2021-02-15 15:00:00,,0.166,9.992,12.657,32.16,,751.0,252137,155451,308543
64,2021-02-16 15:00:00,,0.172,10.164,12.923,33.103,,777.0,256483,158721,317587
65,2021-02-17 15:00:00,,0.173,10.414,13.27,34.161,,783.0,262786,162981,327736
66,2021-02-18 15:00:00,,0.174,10.454,13.328,34.316,,788.0,263798,163697,329227
67,2021-02-19 15:00:00,,0.177,10.565,13.481,34.905,,800.0,266594,165575,334876
68,2021-02-20 15:00:00,,0.183,10.677,13.639,35.483,,825.0,269426,167513,340419
69,2021-02-21 15:00:00,,0.186,10.733,13.721,35.875,,840.0,270836,168525,344187
70,2021-02-22 15:00:00,,0.189,10.815,13.84,36.347,,853.0,272904,169985,348716
71,2021-02-23 15:00:00,,0.197,10.98,14.081,37.223,,890.0,277068,172941,357118
72,2021-02-24 15:00:00,,0.204,11.175,14.392,38.188,,923.0,281997,176765,366375
73,2021-02-25 15:00:00,,0.212,11.372,14.692,39.412,,959.0,286968,180453,378118
74,2021-02-26 15:00:00,,0.219,11.636,15.066,41.023,,989.0,293617,185043,393572
75,2021-02-27 15:00:00,,0.23,11.82,15.342,41.853,,1040.0,298254,188430,401536
76,2021-02-28 15:00:00,,0.238,11.988,15.611,42.679,,1074.0,302511,191733,409465
77,2021-03-01 15:00:00,,0.253,12.309,16.137,44.026,,1142.0,310611,198200,422382
78,2021-03-02 15:00:00,,0.261,12.563,16.55,45.343,,1178.0,317014,203267,435018
79,2021-03-03 15:00:00,,0.271,12.918,17.1,46.881,,1224.0,325973,210029,449779
80,2021-03-04 15:00:00,,0.278,13.311,17.72,48.712,,1256.0,335897,217640,467343
81,2021-03-05 15:00:00,,0.287,13.663,18.316,50.68,,1299.0,344762,224961,486223
82,2021-03-06 15:00:00,,0.306,13.968,18.809,51.848,,1385.0,352468,231020,497427
83,2021-03-07 15:00:00,,0.316,14.217,19.178,52.676,,1429.0,358742,235541,505376
84,2021-03-08 15:00:00,,0.335,14.599,19.814,54.417,,1513.0,368391,243354,522073
85,2021-03-09 15:00:00,,0.356,15.004,20.476,56.096,,1610.0,378608,251483,538178
86,2021-03-10 15:00:00,,0.381,15.47,21.257,57.807,,1721.0,390369,261078,554595
87,2021-03-11 15:00:00,,0.416,15.987,22.117,59.504,,1881.0,403415,271643,570876
88,2021-03-12 15:00:00,,0.447,16.495,22.97,61.219,,2021.0,416238,282120,587330
89,2021-03-13 15:00:00,,0.484,16.86,23.563,62.021,,2186.0,425443,289406,595023
90,2021-03-14 15:00:00,,0.518,17.174,24.035,62.541,,2342.0,433370,295204,600016
91,2021-03-15 15:00:00,,0.556,17.669,24.79,63.446,,2512.0,445853,304468,608695
92,2021-03-16 15:00:00,,0.603,18.179,25.61,64.609,,2726.0,458721,314539,619860
93,2021-03-17 15:00:00,,0.661,18.74,26.521,65.992,,2985.0,472885,325732,633122
94,2021-03-18 15:00:00,,0.713,19.423,27.601,67.266,,3220.0,490108,338993,645344
95,2021-03-19 15:00:00,,0.759,20.028,28.629,68.456,,3429.0,505379,351625,656761
96,2021-03-20 15:00:00,,0.816,20.477,29.342,68.993,,3687.0,516712,360383,661912
97,2021-03-21 15:00:00,,0.866,20.837,29.913,69.332,,3914.0,525788,367400,665173
98,2021-03-22 15:00:00,,0.926,21.4,30.921,70.027,,4184.0,539996,379773,671841
99,2021-03-23 15:00:00,,0.994,22.037,32.192,70.862,,4493.0,556082,395387,679848
100,2021-03-24 15:00:00,,1.066,22.729,33.583,71.66,,4817.0,573546,412465,687500
101,2021-03-25 15:00:00,,1.143,23.505,35.101,72.374,,5166.0,593132,431120,694355
102,2021-03-26 15:00:00,,1.201,24.169,36.447,72.939,,5426.0,609882,447647,699771
103,2021-03-27 15:00:00,,1.256,24.672,37.435,73.349,,5677.0,622569,459784,703711
104,2021-03-28 15:00:00,,1.301,24.993,38.148,73.516,,5881.0,630663,468535,705311
105,2021-03-29 15:00:00,,1.374,25.526,39.261,73.875,,6208.0,644112,482208,708749
106,2021-03-30 15:00:00,,1.49,26.273,40.744,74.337,,6732.0,662976,500417,713183
107,2021-03-31 15:00:00,,1.644,27.141,42.254,74.929,,7427.0,684865,518974,718869
108,2021-04-01 15:00:00,,1.779,28.025,43.93,75.454,,8040.0,707190,539548,723903
109,2021-04-02 15:00:00,,1.943,28.805,45.253,75.928,,8781.0,726871,555807,728449
110,2021-04-03 15:00:00,,2.076,29.37,45.977,76.129,,9382.0,741106,564691,730375
111,2021-04-04 15:00:00,,2.125,29.579,46.231,76.198,,9604.0,746396,567809,731044
112,2021-04-05 15:00:00,,2.312,30.324,47.195,76.533,,10450.0,765199,579653,734255
113,2021-04-06 15:00:00,,2.569,31.409,48.595,77.02,,11608.0,792581,596851,738927
114,2021-04-07 15:00:00,,2.835,32.474,49.942,77.501,,12811.0,819448,613388,743540
115,2021-04-08 15:00:00,,3.105,33.692,51.483,78.065,,14032.0,850187,632316,748948
116,2021-04-09 15:00:00,,3.345,34.784,52.766,78.52,,15114.0,877744,648079,753316
117,2021-04-10 15:00:00,,3.658,35.488,53.585,78.741,,16530.0,895511,658135,755440
118,2021-04-11 15:00:00,,3.893,36.179,54.226,78.886,,17594.0,912924,666016,756830
119,2021-04-12 15:00:00,,4.109,37.015,55.101,79.174,,18567.0,934030,676757,759592
120,2021-04-13 15:00:00,,4.512,38.019,56.136,79.431,,20390.0,959359,689463,762058
121,2021-04-14 15:00:00,,5.045,38.989,57.038,79.699,,22800.0,983846,700552,764630
122,2021-04-15 15:00:00,,5.394,40.002,57.969,79.956,,24377.0,1009411,711980,767097
123,2021-04-16 15:00:00,,5.829,40.872,58.791,80.22,,26339.0,1031357,722080,769629
124,2021-04-17 15:00:00,,6.392,41.65,59.452,80.376,,28884.0,1050992,730191,771126
125,2021-04-18 15:00:00,,6.854,42.132,59.853,80.473,,30972.0,1063159,735125,772050
126,2021-04-19 15:00:00,,7.15,42.825,60.5,80.668,,32311.0,1080632,743069,773927
127,2021-04-20 15:00:00,,7.49,43.534,61.166,80.898,,33846.0,1098519,751254,776132
128,2021-04-21 15:00:00,,8.152,44.481,61.963,81.148,,36840.0,1122425,761040,778527
129,2021-04-22 15:00:00,,8.546,45.331,62.728,81.393,,38618.0,1143867,770434,780882
130,2021-04-23 15:00:00,,8.978,46.106,63.445,81.625,,40569.0,1163424,779235,783108
131,2021-04-24 15:00:00,,9.459,46.749,63.984,81.787,,42744.0,1179664,785856,784666
132,2021-04-25 15:00:00,,9.859,47.216,64.363,81.896,,44553.0,1191443,790513,785711
133,2021-04-26 15:00:00,,10.18,47.849,64.913,82.103,,46003.0,1207407,797274,787692
134,2021-04-27 15:00:00,,10.515,48.501,65.518,82.358,,47516.0,1223858,804705,790139
135,2021-04-28 15:00:00,,11.128,49.202,66.129,82.618,,50288.0,1241545,812205,792634
136,2021-04-29 15:00:00,,11.492,49.862,66.758,82.866,,51931.0,1258211,819925,795012
137,2021-04-30 15:00:00,,11.862,50.577,67.394,83.115,,53605.0,1276248,827744,797406
138,2021-05-01 15:00:00,,12.214,51.067,67.804,83.263,,55193.0,1288626,832780,798820
139,2021-05-02 15:00:00,,12.373,51.317,67.999,83.33,,55911.0,1294927,835166,799465
140,2021-05-03 15:00:00,,12.543,51.653,68.304,83.469,,56680.0,1303406,838915,800794
141,2021-05-04 15:00:00,,12.769,51.999,68.636,83.633,,57702.0,1312143,842991,802367
142,2021-05-05 15:00:00,,13.2,52.468,69.072,83.822,,59649.0,1323975,848351,804184
143,2021-05-06 15:00:00,,13.399,52.896,69.467,84.017,,60548.0,1334767,853204,806052
144,2021-05-07 15:00:00,,13.608,53.37,69.85,84.19,,61495.0,1346742,857912,807715
145,2021-05-08 15:00:00,,13.797,53.66,70.08,84.276,,62350.0,1354049,860725,808539
146,2021-05-09 15:00:00,,13.905,53.806,70.18,84.315,,62838.0,1357733,861960,808912
147,2021-05-10 15:00:00,,14.018,54.043,70.392,84.412,,63345.0,1363705,864558,809846
148,2021-05-11 15:00:00,,14.198,54.374,70.652,84.543,,64158.0,1372073,867755,811106
149,2021-05-12 15:00:00,,14.627,54.727,70.936,84.682,,66097.0,1380985,871242,812439
150,2021-05-13 15:00:00,,17.052,55.04,71.19,84.814,,77055.0,1388863,874367,813698
151,2021-05-14 15:00:00,,19.401,55.438,71.508,84.958,,87672.0,1398905,878275,815082
152,2021-05-15 15:00:00,,22.027,55.738,71.724,85.043,,99537.0,1406479,880926,815901
153,2021-05-16 15:00:00,,22.988,55.899,71.84,85.087,,103880.0,1410537,882343,816321
154,2021-05-17 15:00:00,,24.545,56.187,72.074,85.201,,110916.0,1417824,885224,817411
155,2021-05-18 15:00:00,,26.464,56.568,72.359,85.342,,119589.0,1427416,888722,818766
156,2021-05-19 15:00:00,,29.545,56.99,72.651,85.474,,133510.0,1438082,892313,820030
157,2021-05-20 15:00:00,,31.06,57.394,72.938,85.623,,140357.0,1448278,895828,821460
158,2021-05-21 15:00:00,,32.548,57.767,73.221,85.75,,147084.0,1457679,899315,822685
159,2021-05-22 15:00:00,,34.033,58.067,73.419,85.822,,153792.0,1465247,901745,823372
160,2021-05-23 15:00:00,,34.786,58.252,73.529,85.86,,157197.0,1469912,903092,823736
161,2021-05-24 15:00:00,,35.678,58.531,73.735,85.958,,161227.0,1476966,905622,824682
162,2021-05-25 15:00:00,,36.42,58.824,73.951,86.07,,164578.0,1484349,908271,825755
163,2021-05-26 15:00:00,,38.321,59.135,74.166,86.168,,173169.0,1492199,910911,826697
164,2021-05-27 15:00:00,,38.885,59.395,74.356,86.272,,175721.0,1498777,913250,827688
165,2021-05-28 15:00:00,,39.543,59.677,74.556,86.369,,178693.0,1505868,915707,828625
166,2021-05-29 15:00:00,,40.202,59.884,74.684,86.415,,181671.0,1511104,917275,829063
167,2021-05-30 15:00:00,,40.516,60.007,74.75,86.441,,183089.0,1514199,918089,829316
168,2021-05-31 15:00:00,,40.579,60.048,74.781,86.458,,183372.0,1515248,918467,829475
169,2021-06-01 15:00:00,,41.027,60.287,74.946,86.558,,185397.0,1521282,920495,830432
170,2021-06-02 15:00:00,,41.782,60.498,75.093,86.64,,188812.0,1526596,922297,831218
171,2021-06-03 15:00:00,,42.161,60.687,75.235,86.722,,190523.0,1531377,924046,832003
172,2021-06-04 15:00:00,,42.559,60.884,75.385,86.803,,192320.0,1536332,925892,832784
173,2021-06-05 15:00:00,,43.045,61.037,75.489,86.848,,194519.0,1540198,927159,833219
174,2021-06-06 15:00:00,,43.287,61.117,75.536,86.868,,195613.0,1542225,927738,833412
175,2021-06-07 15:00:00,,43.667,61.276,75.642,86.928,,197327.0,1546237,929049,833988
176,2021-06-08 15:00:00,,44.028,61.431,75.755,86.993,,198962.0,1550143,930430,834605
177,2021-06-09 15:00:00,,44.624,61.608,75.872,87.062,,201653.0,1554604,931873,835266
178,2021-06-10 15:00:00,,45.011,61.773,75.997,87.129,,203403.0,1558779,933399,835914
179,2021-06-11 15:00:00,,45.458,61.949,76.127,87.191,,205422.0,1563223,934995,836508
180,2021-06-12 15:00:00,,45.788,62.073,76.205,87.222,,206915.0,1566341,935958,836808
181,2021-06-13 15:00:00,,45.878,62.131,76.235,87.237,,207322.0,1567799,936332,836949
182,2021-06-14 15:00:00,,46.204,62.265,76.322,87.287,,208795.0,1571175,937397,837432
183,2021-06-15 15:00:00,,46.511,62.401,76.42,87.342,,210182.0,1574622,938600,837958
184,2021-06-16 15:00:00,,46.982,62.546,76.515,87.398,,212310.0,1578275,939769,838490
185,2021-06-17 15:00:00,,47.358,62.697,76.622,87.458,,214008.0,1582078,941084,839073
186,2021-06-18 15:00:00,,47.708,62.847,76.735,87.516,,215589.0,1585865,942473,839624
187,2021-06-19 15:00:00,,47.966,62.958,76.805,87.546,,216754.0,1588683,943330,839910
188,2021-06-20 15:00:00,,48.099,63.022,76.838,87.558,,217357.0,1590300,943729,840031
189,2021-06-21 15:00:00,,48.421,63.15,76.922,87.607,,218811.0,1593523,944767,840502
190,2021-06-22 15:00:00,,48.71,63.28,77.01,87.655,,220119.0,1596803,945849,840957
191,2021-06-23 15:00:00,,49.092,63.413,77.106,87.708,,221846.0,1600149,947027,841463
192,2021-06-24 15:00:00,,49.392,63.543,77.195,87.762,,223200.0,1603428,948118,841983
193,2021-06-25 15:00:00,,49.686,63.677,77.291,87.811,,224530.0,1606815,949297,842451
194,2021-06-26 15:00:00,,49.878,63.768,77.348,87.837,,225397.0,1609121,949999,842700
195,2021-06-27 15:00:00,,50.021,63.835,77.383,87.85,,226041.0,1610794,950427,842828
196,2021-06-28 15:00:00,,50.29,63.951,77.453,87.887,,227258.0,1613720,951289,843189
197,2021-06-29 15:00:00,,50.548,64.073,77.529,87.932,,228425.0,1616808,952224,843614
198,2021-06-30 15:00:00,,50.877,64.205,77.614,87.978,,229910.0,1620137,953267,844055
199,2021-07-01 15:00:00,,51.15,64.326,77.689,88.023,,231145.0,1623183,954180,844490
200,2021-07-02 15:00:00,,51.399,64.446,77.775,88.065,,232267.0,1626213,955238,844895
201,2021-07-03 15:00:00,,51.547,64.523,77.823,88.088,,232940.0,1628169,955830,845109
202,2021-07-04 15:00:00,,51.566,64.534,77.83,88.091,,233023.0,1628447,955919,845142
203,2021-07-05 15:00:00,,51.764,64.625,77.881,88.115,,233920.0,1630746,956547,845368
204,2021-07-06 15:00:00,,51.98,64.731,77.951,88.157,,234896.0,1633412,957406,845777
205,2021-07-07 15:00:00,,52.21,64.839,78.02,88.193,,235934.0,1636136,958246,846121
206,2021-07-08 15:00:00,,52.445,64.955,78.095,88.232,,236995.0,1639059,959177,846491
207,2021-07-09 15:00:00,,52.692,65.081,78.181,88.277,,238113.0,1642238,960227,846927
208,2021-07-10 15:00:00,,52.873,65.162,78.232,88.298,,238932.0,1644288,960855,847124
209,2021-07-11 15:00:00,,53.018,65.226,78.265,88.308,,239583.0,1645894,961258,847225
210,2021-07-12 15:00:00,,53.248,65.328,78.332,88.345,,240625.0,1648486,962079,847579
211,2021-07-13 15:00:00,,53.505,65.434,78.396,88.385,,241785.0,1651156,962875,847959
212,2021-07-14 15:00:00,,53.772,65.538,78.462,88.422,,242992.0,1653773,963674,848319
213,2021-07-15 15:00:00,,54.056,65.644,78.531,88.464,,244277.0,1656439,964525,848717
214,2021-07-16 15:00:00,,54.328,65.763,78.61,88.507,,245505.0,1659465,965499,849131
215,2021-07-17 15:00:00,,54.501,65.844,78.661,88.526,,246288.0,1661504,966125,849318
216,2021-07-18 15:00:00,,54.607,65.896,78.692,88.538,,246764.0,1662800,966499,849427
217,2021-07-19 15:00:00,,54.873,66.011,78.771,88.582,,247970.0,1665718,967469,849848
218,2021-07-20 15:00:00,,55.157,66.129,78.853,88.628,,249250.0,1668684,968482,850292
219,2021-07-21 15:00:00,,55.476,66.254,78.937,88.674,,250693.0,1671845,969511,850735
220,2021-07-22 15:00:00,,55.813,66.381,79.034,88.731,,252217.0,1675047,970709,851286
221,2021-07-23 15:00:00,,56.155,66.533,79.151,88.787,,253762.0,1678880,972142,851821
222,2021-07-24 15:00:00,,56.365,66.633,79.215,88.817,,254710.0,1681404,972933,852109
223,2021-07-25 15:00:00,,56.537,66.71,79.259,88.834,,255486.0,1683359,973472,852268
224,2021-07-26 15:00:00,,56.864,66.852,79.351,88.883,,256966.0,1686923,974596,852741
225,2021-07-27 15:00:00,,57.195,67.004,79.451,88.936,,258461.0,1690766,975829,853247
226,2021-07-28 15:00:00,,57.57,67.162,79.557,88.994,,260155.0,1694764,977130,853804
227,2021-07-29 15:00:00,,57.934,67.322,79.661,89.049,,261800.0,1698794,978410,854329
228,2021-07-30 15:00:00,,58.343,67.498,79.786,89.102,,263649.0,1703241,979947,854841
229,2021-07-31 15:00:00,,58.567,67.611,79.858,89.13,,264663.0,1706084,980829,855110
230,2021-08-01 15:00:00,,58.756,67.708,79.908,89.149,,265517.0,1708537,981442,855289
231,2021-08-02 15:00:00,,59.11,67.874,80.016,89.201,,267115.0,1712734,982769,855794
232,2021-08-03 15:00:00,,59.493,68.04,80.128,89.256,,268847.0,1716907,984139,856318
233,2021-08-04 15:00:00,,59.873,68.21,80.245,89.311,,270562.0,1721206,985581,856850
234,2021-08-05 15:00:00,,60.282,68.394,80.361,89.37,,272412.0,1725844,987007,857411
235,2021-08-06 15:00:00,,60.674,68.587,80.489,89.43,,274180.0,1730726,988573,857989
236,2021-08-07 15:00:00,,60.925,68.718,80.562,89.456,,275317.0,1734018,989471,858236
237,2021-08-08 15:00:00,,61.118,68.814,80.61,89.473,,276190.0,1736449,990062,858396
238,2021-08-09 15:00:00,,61.485,68.975,80.707,89.517,,277848.0,1740504,991255,858821
239,2021-08-10 15:00:00,,61.857,69.14,80.807,89.564,,279530.0,1744661,992480,859272
240,2021-08-11 15:00:00,,62.236,69.303,80.905,89.617,,281240.0,1748779,993685,859786
241,2021-08-12 15:00:00,,62.589,69.457,81.003,89.667,,282838.0,1752680,994887,860262
242,2021-08-13 15:00:00,,62.971,69.623,81.105,89.712,,284564.0,1756846,996145,860693
243,2021-08-14 15:00:00,,63.239,69.736,81.174,89.739,,285773.0,1759705,996994,860954
244,2021-08-15 15:00:00,,63.406,69.816,81.216,89.761,,286530.0,1761734,997500,861159
245,2021-08-16 15:00:00,,63.689,69.942,81.292,89.804,,287809.0,1764914,998443,861574
246,2021-08-17 15:00:00,,64.089,70.092,81.384,89.858,,289615.0,1768681,999562,862098
247,2021-08-18 15:00:00,,64.416,70.24,81.471,89.914,,291090.0,1772438,1000633,862634
248,2021-08-19 15:00:00,,64.745,70.381,81.56,89.966,,292581.0,1775988,1001729,863134
249,2021-08-20 15:00:00,,65.078,70.539,81.661,90.019,,294085.0,1779976,1002971,863635
250,2021-08-21 15:00:00,,65.334,70.633,81.717,90.051,,295242.0,1782334,1003656,863944
251,2021-08-22 15:00:00,,65.495,70.705,81.753,90.068,,295970.0,1784163,1004102,864109
252,2021-08-23 15:00:00,,65.814,70.837,81.837,90.119,,297411.0,1787498,1005126,864602
253,2021-08-24 15:00:00,,66.15,70.99,81.926,90.174,,298930.0,1791340,1006224,865128
254,2021-08-25 15:00:00,,66.519,71.143,82.018,90.227,,300596.0,1795213,1007360,865637
255,2021-08-26 15:00:00,,66.87,71.306,82.112,90.285,,302181.0,1799322,1008509,866193
256,2021-08-27 15:00:00,,67.226,71.462,82.201,90.336,,303790.0,1803263,1009608,866683
257,2021-08-28 15:00:00,,67.486,71.573,82.264,90.363,,304967.0,1806064,1010375,866940
258,2021-08-29 15:00:00,,67.656,71.655,82.302,90.385,,305734.0,1808124,1010846,867154
259,2021-08-30 15:00:00,,67.896,71.8,82.382,90.439,,306818.0,1811780,1011829,867664
260,2021-08-31 15:00:00,,68.121,71.946,82.462,90.495,,307836.0,1815473,1012812,868201
261,2021-09-01 15:00:00,,68.33,72.085,82.547,90.538,,308777.0,1818990,1013852,868621
262,2021-09-02 15:00:00,,68.543,72.218,82.624,90.58,,309743.0,1822347,1014802,869018
263,2021-09-03 15:00:00,,68.822,72.351,82.706,90.626,,311003.0,1825701,1015799,869461
264,2021-09-04 15:00:00,,69.038,72.43,82.747,90.644,,311980.0,1827693,1016312,869637
265,2021-09-05 15:00:00,,69.193,72.502,82.779,90.662,,312680.0,1829497,1016701,869809
266,2021-09-06 15:00:00,,69.25,72.526,82.793,90.67,,312937.0,1830119,1016879,869888
267,2021-09-07 15:00:00,,69.49,72.646,82.859,90.714,,314021.0,1833130,1017689,870303
268,2021-09-08 15:00:00,,69.65,72.77,82.924,90.754,,314742.0,1836262,1018482,870687
269,2021-09-09 15:00:00,,69.8,72.9,82.997,90.805,,315423.0,1839538,1019377,871175
270,2021-09-10 15:00:00,,69.996,73.046,83.084,90.853,,316306.0,1843226,1020450,871644
271,2021-09-11 15:00:00,,70.196,73.136,83.136,90.873,,317213.0,1845504,1021088,871835
272,2021-09-12 15:00:00,,70.312,73.205,83.17,90.89,,317737.0,1847252,1021507,871994
273,2021-09-13 15:00:00,,70.439,73.328,83.243,90.932,,318308.0,1850349,1022397,872398
274,2021-09-14 15:00:00,,70.577,73.451,83.309,90.975,,318933.0,1853439,1023215,872809
275,2021-09-15 15:00:00,,70.763,73.571,83.375,91.016,,319775.0,1856486,1024019,873202
276,2021-09-16 15:00:00,,70.956,73.681,83.437,91.057,,320644.0,1859243,1024781,873595
277,2021-09-17 15:00:00,,71.134,73.807,83.505,91.099,,321452.0,1862447,1025621,873999
278,2021-09-18 15:00:00,,71.286,73.892,83.549,91.121,,322139.0,1864592,1026159,874214
279,2021-09-19 15:00:00,,71.382,73.951,83.576,91.138,,322569.0,1866058,1026495,874372
280,2021-09-20 15:00:00,,71.492,74.046,83.634,91.178,,323069.0,1868457,1027201,874756
281,2021-09-21 15:00:00,,71.612,74.153,83.687,91.215,,323612.0,1871173,1027856,875111
282,2021-09-22 15:00:00,,71.735,74.253,83.746,91.256,,324165.0,1873692,1028576,875511
283,2021-09-23 15:00:00,,71.856,74.349,83.804,91.299,,324714.0,1876120,1029288,875919
284,2021-09-24 15:00:00,,72.026,74.461,83.867,91.366,,325481.0,1878946,1030065,876566
285,2021-09-25 15:00:00,,72.143,74.528,83.912,91.423,,326012.0,1880626,1030620,877111
286,2021-09-26 15:00:00,,72.216,74.576,83.939,91.454,,326342.0,1881847,1030948,877407
287,2021-09-27 15:00:00,,72.348,74.674,84.0,91.552,,326936.0,1884305,1031699,878345
288,2021-09-28 15:00:00,,72.46,74.773,84.06,91.645,,327442.0,1886799,1032433,879238
289,2021-09-29 15:00:00,,72.558,74.878,84.121,91.735,,327883.0,1889450,1033180,880098
290,2021-09-30 15:00:00,,72.666,74.985,84.185,91.821,,328375.0,1892172,1033974,880927
291,2021-10-01 15:00:00,,72.82,75.107,84.261,91.915,,329068.0,1895247,1034907,881829
292,2021-10-02 15:00:00,,72.921,75.173,84.303,91.956,,329527.0,1896906,1035418,882223
293,2021-10-03 15:00:00,,72.99,75.223,84.328,91.985,,329838.0,1898175,1035730,882498
294,2021-10-04 15:00:00,,73.084,75.316,84.391,92.064,,330264.0,1900503,1036501,883256
295,2021-10-05 15:00:00,,73.174,75.406,84.451,92.142,,330669.0,1902786,1037234,884006
296,2021-10-06 15:00:00,,73.258,75.501,84.515,92.217,,331047.0,1905191,1038022,884730
297,2021-10-07 15:00:00,,73.346,75.599,84.583,92.297,,331447.0,1907646,1038861,885498
298,2021-10-08 15:00:00,,73.468,75.713,84.657,92.371,,331997.0,1910525,1039769,886206
299,2021-10-09 15:00:00,,73.556,75.774,84.697,92.408,,332395.0,1912064,1040261,886558
300,2021-10-10 15:00:00,,73.61,75.821,84.721,92.426,,332641.0,1913253,1040551,886730
301,2021-10-11 15:00:00,,73.71,75.92,84.79,92.494,,333089.0,1915761,1041397,887387
302,2021-10-12 15:00:00,,73.778,76.007,84.85,92.561,,333397.0,1917955,1042137,888030
303,2021-10-13 15:00:00,,73.87,76.106,84.916,92.628,,333814.0,1920449,1042950,888669
304,2021-10-14 15:00:00,,73.954,76.2,84.977,92.69,,334194.0,1922807,1043693,889268
305,2021-10-15 15:00:00,,74.077,76.304,85.05,92.756,,334750.0,1925450,1044590,889894
306,2021-10-16 15:00:00,,74.144,76.361,85.085,92.783,,335054.0,1926885,1045021,890152
307,2021-10-17 15:00:00,,74.189,76.399,85.106,92.799,,335256.0,1927835,1045284,890312
308,2021-10-18 15:00:00,,74.271,76.504,85.177,92.861,,335624.0,1930491,1046152,890905
309,2021-10-19 15:00:00,,74.336,76.586,85.234,92.915,,335922.0,1932554,1046851,891425
310,2021-10-20 15:00:00,,74.411,76.665,85.291,92.969,,336258.0,1934556,1047549,891939
311,2021-10-21 15:00:00,,74.494,76.746,85.344,93.024,,336633.0,1936593,1048204,892472
312,2021-10-22 15:00:00,,74.584,76.842,85.422,93.12,,337040.0,1939023,1049158,893394
313,2021-10-23 15:00:00,,74.649,76.898,85.467,93.184,,337334.0,1940434,1049712,893999
314,2021-10-24 15:00:00,,74.692,76.937,85.498,93.223,,337527.0,1941412,1050098,894378
315,2021-10-25 15:00:00,,74.765,77.03,85.574,93.355,,337858.0,1943754,1051025,895643
316,2021-10-26 15:00:00,,74.832,77.123,85.651,93.486,,338160.0,1946100,1051975,896898
317,2021-10-27 15:00:00,,74.899,77.218,85.732,93.619,,338463.0,1948495,1052965,898174
318,2021-10-28 15:00:00,,74.968,77.308,85.806,93.746,,338777.0,1950773,1053883,899398
319,2021-10-29 15:00:00,0.001,75.043,77.411,85.899,93.846,5.0,339116.0,1953379,1055026,900359
320,2021-10-30 15:00:00,0.002,75.095,77.465,85.952,93.899,10.0,339350.0,1954748,1055669,900862
321,2021-10-31 15:00:00,0.002,75.13,77.503,85.986,93.934,10.0,339506.0,1955710,1056085,901195
322,2021-11-01 15:00:00,0.005,75.197,77.605,86.068,94.046,24.0,339810.0,1958275,1057094,902271
323,2021-11-02 15:00:00,0.006,75.257,77.699,86.15,94.152,31.0,340081.0,1960638,1058099,903288
324,2021-11-03 15:00:00,0.033,75.326,77.797,86.235,94.263,174.0,340393.0,1963108,1059148,904356
325,2021-11-04 15:00:00,0.426,75.388,77.885,86.309,94.371,2218.0,340672.0,1965340,1060062,905396
326,2021-11-05 15:00:00,1.066,75.468,77.994,86.406,94.466,5552.0,341036.0,1968095,1061245,906305
327,2021-11-06 15:00:00,2.509,75.519,78.052,86.454,94.509,13069.0,341268.0,1969564,1061844,906711
328,2021-11-07 15:00:00,3.661,75.551,78.093,86.484,94.535,19071.0,341409.0,1970575,1062204,906961
329,2021-11-08 15:00:00,5.183,75.611,78.173,86.547,94.613,26998.0,341683.0,1972604,1062980,907710
330,2021-11-09 15:00:00,6.684,75.684,78.262,86.614,94.7,34814.0,342013.0,1974847,1063805,908552
331,2021-11-10 15:00:00,8.33,75.758,78.353,86.687,94.794,43385.0,342348.0,1977149,1064699,909449
332,2021-11-11 15:00:00,9.735,75.844,78.444,86.766,94.873,50707.0,342735.0,1979437,1065669,910204
333,2021-11-12 15:00:00,11.149,75.942,78.547,86.852,94.96,58070.0,343177.0,1982037,1066725,911043
334,2021-11-13 15:00:00,12.567,76.011,78.604,86.897,94.995,65454.0,343488.0,1983483,1067285,911382
335,2021-11-14 15:00:00,13.052,76.046,78.641,86.928,95.02,67983.0,343649.0,1984425,1067661,911618
336,2021-11-15 15:00:00,14.007,76.122,78.72,86.997,95.098,72956.0,343990.0,1986406,1068504,912367
337,2021-11-16 15:00:00,15.039,76.195,78.806,87.074,95.175,78329.0,344320.0,1988583,1069456,913109
338,2021-11-17 15:00:00,16.053,76.276,78.898,87.148,95.253,83612.0,344686.0,1990896,1070357,913856
339,2021-11-18 15:00:00,17.047,76.344,78.985,87.23,95.333,88788.0,344995.0,1993093,1071366,914623
340,2021-11-19 15:00:00,17.999,76.425,79.093,87.331,95.41,93749.0,345360.0,1995824,1072611,915364
341,2021-11-20 15:00:00,19.41,76.486,79.161,87.389,95.448,101096.0,345634.0,1997536,1073321,915720
342,2021-11-21 15:00:00,19.8,76.521,79.214,87.43,95.473,103131.0,345794.0,1998864,1073830,915964
343,2021-11-22 15:00:00,20.773,76.582,79.323,87.527,95.554,108199.0,346068.0,2001637,1075021,916745
344,2021-11-23 15:00:00,21.611,76.662,79.439,87.622,95.632,112563.0,346433.0,2004549,1076189,917487
345,2021-11-24 15:00:00,22.352,76.749,79.546,87.701,95.684,116420.0,346824.0,2007264,1077157,917991
346,2021-11-25 15:00:00,22.37,76.751,79.55,87.704,95.686,116514.0,346833.0,2007355,1077194,918010
347,2021-11-26 15:00:00,22.722,76.803,79.636,87.776,95.732,118349.0,347066.0,2009522,1078073,918452
348,2021-11-27 15:00:00,22.978,76.84,79.697,87.825,95.76,119681.0,347234.0,2011054,1078683,918717
349,2021-11-28 15:00:00,23.1,76.861,79.741,87.861,95.779,120320.0,347329.0,2012168,1079123,918900
350,2021-11-29 15:00:00,23.511,76.903,79.823,87.938,95.835,122461.0,347518.0,2014246,1080071,919436
351,2021-11-30 15:00:00,23.933,76.96,79.916,88.025,95.906,124656.0,347778.0,2016591,1081132,920121
352,2021-12-01 15:00:00,24.302,77.03,80.036,88.137,95.984,126581.0,348095.0,2019614,1082514,920866
353,2021-12-02 15:00:00,24.622,77.096,80.153,88.241,96.062,128243.0,348390.0,2022579,1083785,921617
354,2021-12-03 15:00:00,25.017,77.157,80.29,88.356,96.136,130300.0,348670.0,2026037,1085197,922321
355,2021-12-04 15:00:00,25.436,77.215,80.365,88.422,96.173,132485.0,348932.0,2027914,1086007,922680
356,2021-12-05 15:00:00,25.616,77.247,80.419,88.463,96.197,133425.0,349075.0,2029270,1086513,922907
357,2021-12-06 15:00:00,26.034,77.301,80.531,88.559,96.26,135602.0,349318.0,2032112,1087693,923512
358,2021-12-07 15:00:00,26.38,77.365,80.644,88.652,96.326,137403.0,349608.0,2034953,1088837,924152
359,2021-12-08 15:00:00,26.781,77.437,80.754,88.749,96.387,139490.0,349931.0,2037732,1090029,924730
360,2021-12-09 15:00:00,27.154,77.503,80.86,88.838,96.444,141432.0,350232.0,2040397,1091120,925284
361,2021-12-10 15:00:00,27.601,77.57,80.976,88.934,96.497,143764.0,350536.0,2043344,1092296,925784
362,2021-12-11 15:00:00,27.904,77.626,81.038,88.989,96.525,145342.0,350785.0,2044902,1092973,926061
363,2021-12-12 15:00:00,28.322,77.659,81.085,89.022,96.54,147518.0,350935.0,2046092,1093385,926197
364,2021-12-13 15:00:00,28.629,77.72,81.188,89.108,96.592,149117.0,351214.0,2048686,1094434,926695
365,2021-12-14 15:00:00,28.989,77.789,81.298,89.188,96.645,150990.0,351525.0,2051453,1095413,927209
366,2021-12-15 15:00:00,29.462,77.866,81.408,89.267,96.698,153454.0,351874.0,2054231,1096391,927717
367,2021-12-16 15:00:00,30.016,77.964,81.529,89.352,96.754,156339.0,352314.0,2057300,1097433,928256
368,2021-12-17 15:00:00,30.474,78.057,81.654,89.446,96.81,158725.0,352737.0,2060451,1098585,928796
369,2021-12-18 15:00:00,30.932,78.137,81.733,89.502,96.841,161110.0,353096.0,2062437,1099270,929089
370,2021-12-19 15:00:00,31.152,78.179,81.789,89.536,96.861,162255.0,353288.0,2063856,1099697,929277
371,2021-12-20 15:00:00,31.569,78.278,81.94,89.636,96.926,164428.0,353733.0,2067656,1100916,929908
372,2021-12-21 15:00:00,32.049,78.395,82.097,89.733,96.988,166928.0,354263.0,2071617,1102114,930501
373,2021-12-22 15:00:00,32.535,78.523,82.257,89.827,97.052,169461.0,354839.0,2075668,1103263,931112
374,2021-12-23 15:00:00,32.982,78.64,82.403,89.913,97.102,171791.0,355369.0,2079335,1104325,931588
375,2021-12-24 15:00:00,33.042,78.66,82.435,89.936,97.118,172103.0,355461.0,2080160,1104609,931747
376,2021-12-25 15:00:00,33.043,78.661,82.436,89.938,97.119,172106.0,355463.0,2080181,1104627,931752
377,2021-12-26 15:00:00,33.119,78.696,82.483,89.964,97.131,172501.0,355623.0,2081369,1104945,931867
378,2021-12-27 15:00:00,33.508,78.803,82.613,90.041,97.176,174527.0,356108.0,2084636,1105890,932303
379,2021-12-28 15:00:00,33.982,78.937,82.754,90.124,97.227,176995.0,356710.0,2088198,1106918,932793
380,2021-12-29 15:00:00,34.489,79.079,82.894,90.21,97.279,179636.0,357353.0,2091731,1107967,933292
381,2021-12-30 15:00:00,34.94,79.203,83.014,90.293,97.322,181988.0,357912.0,2094769,1108989,933708
382,2021-12-31 15:00:00,35.09,79.241,83.06,90.327,97.34,182770.0,358085.0,2095912,1109411,933878
383,2022-01-01 15:00:00,35.136,79.251,83.073,90.337,97.345,183007.0,358129.0,2096260,1109524,933924
384,2022-01-02 15:00:00,35.22,79.284,83.112,90.359,97.355,183446.0,358278.0,2097238,1109806,934023
385,2022-01-03 15:00:00,35.378,79.331,83.18,90.402,97.374,184269.0,358491.0,2098958,1110326,934203
386,2022-01-04 15:00:00,35.69,79.424,83.292,90.463,97.41,185894.0,358911.0,2101772,1111077,934543
387,2022-01-05 15:00:00,36.109,79.534,83.414,90.533,97.449,188078.0,359409.0,2104858,1111933,934925
388,2022-01-06 15:00:00,36.504,79.658,83.536,90.603,97.489,190135.0,359969.0,2107926,1112803,935303
389,2022-01-07 15:00:00,36.805,79.771,83.649,90.67,97.518,191700.0,360482.0,2110782,1113614,935579
390,2022-01-08 15:00:00,37.141,79.901,83.723,90.712,97.535,193452.0,361066.0,2112646,1114130,935743
391,2022-01-09 15:00:00,37.292,79.961,83.773,90.733,97.546,194236.0,361340.0,2113909,1114388,935849
392,2022-01-10 15:00:00,37.6,80.082,83.898,90.799,97.582,195844.0,361887.0,2117063,1115204,936200
393,2022-01-11 15:00:00,37.958,80.206,84.019,90.867,97.62,197704.0,362444.0,2120123,1116039,936564
394,2022-01-12 15:00:00,38.355,80.352,84.142,90.932,97.656,199776.0,363107.0,2123229,1116834,936908
395,2022-01-13 15:00:00,38.758,80.483,84.259,90.99,97.69,201871.0,363696.0,2126183,1117548,937238
396,2022-01-14 15:00:00,39.225,80.643,84.379,91.057,97.725,204305.0,364420.0,2129197,1118370,937570
397,2022-01-15 15:00:00,39.518,80.751,84.445,91.092,97.739,205834.0,364911.0,2130868,1118798,937705
398,2022-01-16 15:00:00,39.636,80.799,84.483,91.108,97.745,206445.0,365127.0,2131822,1118995,937764
399,2022-01-17 15:00:00,39.828,80.898,84.552,91.139,97.759,207445.0,365572.0,2133584,1119378,937892
400,2022-01-18 15:00:00,40.088,81.005,84.649,91.184,97.781,208801.0,366057.0,2136023,1119935,938111
401,2022-01-19 15:00:00,40.422,81.107,84.743,91.231,97.809,210542.0,366517.0,2138386,1120506,938379
402,2022-01-20 15:00:00,40.684,81.199,84.828,91.268,97.831,211907.0,366935.0,2140545,1120963,938588
403,2022-01-21 15:00:00,41.001,81.314,84.932,91.314,97.853,213558.0,367455.0,2143158,1121529,938797
404,2022-01-22 15:00:00,41.208,81.409,84.992,91.343,97.865,214632.0,367884.0,2144671,1121880,938917
405,2022-01-23 15:00:00,41.286,81.464,85.032,91.359,97.873,215043.0,368131.0,2145679,1122084,938991
406,2022-01-24 15:00:00,41.501,81.546,85.113,91.397,97.896,216158.0,368501.0,2147732,1122555,939206
407,2022-01-25 15:00:00,41.721,81.616,85.183,91.436,97.921,217308.0,368817.0,2149486,1123029,939454
408,2022-01-26 15:00:00,41.957,81.687,85.253,91.472,97.944,218535.0,369140.0,2151258,1123474,939667
409,2022-01-27 15:00:00,42.154,81.75,85.324,91.509,97.965,219560.0,369424.0,2153058,1123921,939871
410,2022-01-28 15:00:00,42.339,81.824,85.399,91.544,97.987,220524.0,369759.0,2154938,1124353,940084
411,2022-01-29 15:00:00,42.457,81.884,85.443,91.563,97.993,221139.0,370029.0,2156046,1124588,940145
412,2022-01-30 15:00:00,42.518,81.92,85.474,91.575,97.999,221456.0,370193.0,2156848,1124739,940198
413,2022-01-31 15:00:00,42.653,81.986,85.536,91.603,98.016,222163.0,370491.0,2158401,1125082,940358
414,2022-02-01 15:00:00,42.801,82.04,85.586,91.627,98.031,222931.0,370734.0,2159669,1125368,940508
415,2022-02-02 15:00:00,42.977,82.095,85.634,91.654,98.048,223847.0,370983.0,2160885,1125703,940665
416,2022-02-03 15:00:00,43.13,82.147,85.685,91.68,98.065,224646.0,371217.0,2162173,1126022,940831
417,2022-02-04 15:00:00,43.253,82.203,85.741,91.708,98.079,225287.0,371469.0,2163563,1126363,940963
418,2022-02-05 15:00:00,43.349,82.261,85.773,91.727,98.087,225786.0,371731.0,2164372,1126600,941042
419,2022-02-06 15:00:00,43.39,82.286,85.794,91.736,98.091,225998.0,371846.0,2164918,1126714,941081
420,2022-02-07 15:00:00,43.481,82.326,85.838,91.757,98.104,226475.0,372025.0,2166018,1126969,941206
421,2022-02-08 15:00:00,43.581,82.37,85.879,91.778,98.119,226996.0,372223.0,2167052,1127228,941351
422,2022-02-09 15:00:00,43.695,82.414,85.922,91.799,98.133,227589.0,372424.0,2168143,1127487,941486
423,2022-02-10 15:00:00,43.804,82.453,85.962,91.82,98.147,228155.0,372601.0,2169151,1127750,941620
424,2022-02-11 15:00:00,43.916,82.507,86.01,91.849,98.162,228737.0,372846.0,2170375,1128099,941764
425,2022-02-12 15:00:00,43.999,82.549,86.039,91.864,98.169,229172.0,373034.0,2171094,1128287,941826
426,2022-02-13 15:00:00,44.024,82.569,86.053,91.871,98.171,229302.0,373123.0,2171461,1128369,941852
427,2022-02-14 15:00:00,44.081,82.601,86.088,91.888,98.179,229599.0,373271.0,2172329,1128574,941928
428,2022-02-15 15:00:00,44.156,82.636,86.132,91.908,98.19,229990.0,373426.0,2173444,1128822,942031
429,2022-02-16 15:00:00,44.243,82.665,86.164,91.926,98.202,230440.0,373559.0,2174261,1129045,942146
430,2022-02-17 15:00:00,44.323,82.698,86.197,91.943,98.212,230858.0,373709.0,2175078,1129253,942245
431,2022-02-18 15:00:00,44.431,82.746,86.234,91.964,98.223,231420.0,373922.0,2176005,1129507,942348
432,2022-02-19 15:00:00,44.497,82.782,86.254,91.974,98.228,231766.0,374085.0,2176528,1129630,942391
433,2022-02-20 15:00:00,44.531,82.802,86.268,91.981,98.231,231944.0,374177.0,2176879,1129716,942422
434,2022-02-21 15:00:00,44.601,82.835,86.291,91.995,98.239,232307.0,374325.0,2177465,1129898,942502
435,2022-02-22 15:00:00,44.679,82.864,86.32,92.01,98.25,232713.0,374456.0,2178175,1130084,942603
436,2022-02-23 15:00:00,44.746,82.897,86.35,92.027,98.26,233064.0,374606.0,2178943,1130281,942699
437,2022-02-24 15:00:00,44.833,82.926,86.38,92.041,98.27,233513.0,374739.0,2179691,1130456,942796
438,2022-02-25 15:00:00,44.919,82.961,86.413,92.059,98.281,233961.0,374898.0,2180532,1130680,942901
439,2022-02-26 15:00:00,44.982,82.994,86.433,92.069,98.286,234294.0,375046.0,2181047,1130804,942953
440,2022-02-27 15:00:00,45.005,83.009,86.447,92.075,98.289,234411.0,375113.0,2181381,1130875,942976
441,2022-02-28 15:00:00,45.056,83.032,86.475,92.091,98.296,234678.0,375217.0,2182092,1131077,943051
442,2022-03-01 15:00:00,45.133,83.061,86.499,92.103,98.307,235079.0,375346.0,2182710,1131218,943153
443,2022-03-02 15:00:00,45.2,83.09,86.522,92.114,98.315,235426.0,375478.0,2183288,1131351,943227
444,2022-03-03 15:00:00,45.27,83.112,86.547,92.127,98.323,235789.0,375579.0,2183905,1131513,943303
445,2022-03-04 15:00:00,45.348,83.148,86.574,92.139,98.331,236197.0,375741.0,2184584,1131657,943385
446,2022-03-05 15:00:00,45.396,83.169,86.588,92.146,98.336,236446.0,375834.0,2184948,1131748,943427
447,2022-03-06 15:00:00,45.416,83.179,86.597,92.149,98.337,236553.0,375883.0,2185176,1131785,943444
448,2022-03-07 15:00:00,45.458,83.203,86.616,92.158,98.343,236771.0,375988.0,2185665,1131901,943498
449,2022-03-08 15:00:00,45.515,83.225,86.638,92.168,98.351,237066.0,376090.0,2186217,1132016,943573
450,2022-03-09 15:00:00,45.566,83.245,86.657,92.177,98.358,237333.0,376180.0,2186687,1132124,943642
451,2022-03-10 15:00:00,45.616,83.266,86.675,92.186,98.365,237596.0,376273.0,2187136,1132245,943708
452,2022-03-11 15:00:00,45.681,83.288,86.696,92.197,98.371,237933.0,376372.0,2187665,1132377,943767
453,2022-03-12 15:00:00,45.702,83.302,86.704,92.202,98.373,238040.0,376435.0,2187870,1132439,943782
454,2022-03-13 15:00:00,45.717,83.311,86.712,92.206,98.374,238122.0,376479.0,2188066,1132483,943796
455,2022-03-14 15:00:00,45.752,83.331,86.729,92.215,98.379,238300.0,376566.0,2188508,1132590,943846
456,2022-03-15 15:00:00,45.8,83.346,86.745,92.223,98.385,238551.0,376637.0,2188921,1132690,943906
457,2022-03-16 15:00:00,45.846,83.368,86.763,92.23,98.393,238792.0,376734.0,2189368,1132781,943974
458,2022-03-17 15:00:00,45.889,83.382,86.778,92.238,98.399,239014.0,376800.0,2189754,1132874,944037
459,2022-03-18 15:00:00,45.949,83.406,86.797,92.247,98.405,239327.0,376906.0,2190229,1132989,944098
460,2022-03-19 15:00:00,45.982,83.419,86.807,92.252,98.41,239502.0,376964.0,2190469,1133049,944146
461,2022-03-20 15:00:00,45.996,83.428,86.813,92.255,98.413,239573.0,377007.0,2190622,1133089,944167
462,2022-03-21 15:00:00,46.024,83.444,86.829,92.263,98.419,239717.0,377079.0,2191023,1133182,944232
463,2022-03-22 15:00:00,46.061,83.458,86.844,92.271,98.426,239913.0,377143.0,2191413,1133285,944297
464,2022-03-23 15:00:00,46.097,83.477,86.859,92.28,98.433,240101.0,377229.0,2191799,1133399,944366
465,2022-03-24 15:00:00,46.142,83.493,86.874,92.287,98.438,240331.0,377301.0,2192177,1133477,944414
466,2022-03-25 15:00:00,46.18,83.512,86.889,92.296,98.444,240531.0,377387.0,2192547,1133589,944467
467,2022-03-26 15:00:00,46.204,83.526,86.898,92.3,98.447,240655.0,377451.0,2192778,1133642,944500
468,2022-03-27 15:00:00,46.205,83.528,86.901,92.302,98.448,240660.0,377459.0,2192837,1133663,944507
